,close,open,high,low,volume
count,1259.0,1259.0,1259.0,1259.0,1259.0
mean,109.06669849086578,109.0554289118348,109.95111834789516,108.14158888006352,54047899.73550437
std,30.556811676964685,30.54922002458827,30.686186407983953,30.376223585852426,33468353.335784018
min,55.7899,55.4242,57.0857,55.0142,11475922.0
25%,84.83064999999999,84.6478,85.33494999999999,84.25065000000001,29694376.5
50%,109.01,108.97,110.03,108.05,45668931.0
75%,127.12,127.33500000000001,128.10000000000002,126.28999999999999,68708720.0
max,179.26,179.37,180.1,178.25,266833581.0
