,Random_Forest,Simple_Regression
count,10.0,10.0
mean,0.642476797661285,0.279261691018142
std,0.12144072312153412,0.05220346902024655
min,0.4957028834940039,0.20114293178842726
25%,0.5817967187449399,0.2517019756881207
50%,0.6196577704697722,0.2757055629953431
75%,0.6934207868933556,0.31623799395741187
max,0.9175785335779706,0.3656712292244149
